[
    {
        "studies_time": "16:20-17:50",
        "Name": "  Г-519Профессионально-ориентированный иностранный язык (ПЗ)2 сен - 2 янв Хусаинова Г.Р. "
    },
    {
        "studies_time": "18:00-19:30",
        "Name": "  Г-519Профессионально-ориентированный иностранный язык (ПЗ)2 сен - 2 янв Хусаинова Г.Р. "
    },
    {
        "studies_time": "19:40-21:10",
        "Name": "  Г-519Профессионально-ориентированный иностранный язык (ПЗ)2 сен - 2 янв Хусаинова Г.Р. "
    }
]